bucket,key
pdfs-128638789653,hkex/00002/2002/03/28/85522.pdf
pdfs-128638789653,hkex/00002/2002/11/19/135727.pdf
pdfs-128638789653,hkex/00002/2003/05/09/163801.pdf
pdfs-128638789653,hkex/00002/2003/08/04/179492.pdf
pdfs-128638789653,hkex/00002/2003/11/17/200656.pdf
pdfs-128638789653,hkex/00002/2004/02/25/217110.pdf
pdfs-128638789653,hkex/00002/2004/02/25/217120.pdf
pdfs-128638789653,hkex/00002/2004/03/10/219264.pdf
pdfs-128638789653,hkex/00002/2004/03/10/219266.pdf
pdfs-128638789653,hkex/00002/2004/03/31/224678.pdf
pdfs-128638789653,hkex/00002/2004/04/22/229487.pdf
pdfs-128638789653,hkex/00002/2004/05/11/235056.pdf
pdfs-128638789653,hkex/00002/2004/08/04/252540.pdf
pdfs-128638789653,hkex/00002/2004/10/28/271594.pdf
pdfs-128638789653,hkex/00002/2004/11/04/273233.pdf
pdfs-128638789653,hkex/00002/2005/02/28/296488.pdf
pdfs-128638789653,hkex/00002/2005/03/04/297189.pdf
pdfs-128638789653,hkex/00002/2005/03/09/298015.pdf
pdfs-128638789653,hkex/00002/2005/03/23/301607.pdf
pdfs-128638789653,hkex/00002/2005/03/31/303111.pdf
pdfs-128638789653,hkex/00002/2005/03/31/303117.pdf
pdfs-128638789653,hkex/00002/2005/03/31/303156.pdf
pdfs-128638789653,hkex/00002/2005/04/07/305640.pdf
pdfs-128638789653,hkex/00002/2005/04/28/312739.pdf
pdfs-128638789653,hkex/00002/2005/05/04/314781.pdf
pdfs-128638789653,hkex/00002/2005/05/09/315850.pdf
pdfs-128638789653,hkex/00002/2005/06/30/326855.pdf
pdfs-128638789653,hkex/00002/2005/08/23/340388.pdf
pdfs-128638789653,hkex/00002/2005/08/25/340921.pdf
pdfs-128638789653,hkex/00002/2005/08/30/342038.pdf
pdfs-128638789653,hkex/00002/2005/09/30/349808.pdf
pdfs-128638789653,hkex/00002/2005/10/18/353236.pdf
pdfs-128638789653,hkex/00002/2005/11/01/356382.pdf
pdfs-128638789653,hkex/00002/2006/02/28/381341.pdf
pdfs-128638789653,hkex/00002/2006/03/22/386323.pdf
pdfs-128638789653,hkex/00002/2006/03/30/389350.pdf
pdfs-128638789653,hkex/00002/2006/03/31/389940.pdf
pdfs-128638789653,hkex/00002/2006/03/31/389942.pdf
pdfs-128638789653,hkex/00002/2006/04/25/397959.pdf
pdfs-128638789653,hkex/00002/2006/05/09/403860.pdf
pdfs-128638789653,hkex/00002/2006/05/09/403861.pdf
pdfs-128638789653,hkex/00002/2006/08/15/430309.pdf
pdfs-128638789653,hkex/00002/2006/10/24/448316.pdf
pdfs-128638789653,hkex/00002/2007/02/01/473893.pdf
pdfs-128638789653,hkex/00002/2007/02/26/479094.pdf
pdfs-128638789653,hkex/00002/2007/02/28/479918.pdf
pdfs-128638789653,hkex/00002/2007/03/12/482747.pdf
pdfs-128638789653,hkex/00002/2007/03/30/488361.pdf
pdfs-128638789653,hkex/00002/2007/03/30/488908.pdf
pdfs-128638789653,hkex/00002/2007/03/30/488910.pdf
pdfs-128638789653,hkex/00002/2007/03/30/488912.pdf
pdfs-128638789653,hkex/00002/2007/04/24/497702.pdf
pdfs-128638789653,hkex/00002/2007/05/08/504372.pdf
pdfs-128638789653,hkex/00002/2007/06/01/510995.pdf
pdfs-128638789653,hkex/00002/2007/07/03/520749.pdf
pdfs-128638789653,hkex/00002/2007/07/26/529582.pdf
pdfs-128638789653,hkex/00002/2007/08/16/538019.pdf
pdfs-128638789653,hkex/00002/2007/08/22/540169.pdf
pdfs-128638789653,hkex/00002/2007/08/30/543333.pdf
pdfs-128638789653,hkex/00002/2007/10/08/557894.pdf
pdfs-128638789653,hkex/00002/2007/10/23/563053.pdf
pdfs-128638789653,hkex/00002/2007/12/12/581131.pdf
pdfs-128638789653,hkex/00002/2008/02/14/598965.pdf
pdfs-128638789653,hkex/00002/2008/02/28/602322.pdf
pdfs-128638789653,hkex/00002/2008/03/28/612632.pdf
pdfs-128638789653,hkex/00002/2008/03/28/612650.pdf
pdfs-128638789653,hkex/00002/2008/03/28/612662.pdf
pdfs-128638789653,hkex/00002/2008/03/28/612680.pdf
pdfs-128638789653,hkex/00002/2008/03/28/612686.pdf
pdfs-128638789653,hkex/00002/2008/04/07/616332.pdf
pdfs-128638789653,hkex/00002/2008/04/07/616340.pdf
pdfs-128638789653,hkex/00002/2008/04/21/622489.pdf
pdfs-128638789653,hkex/00002/2008/04/29/628401.pdf
pdfs-128638789653,hkex/00002/2008/05/06/631651.pdf
pdfs-128638789653,hkex/00002/2008/05/06/631654.pdf
pdfs-128638789653,hkex/00002/2008/05/26/638239.pdf
pdfs-128638789653,hkex/00002/2008/06/30/650180.pdf
pdfs-128638789653,hkex/00002/2008/07/29/660928.pdf
pdfs-128638789653,hkex/00002/2008/08/12/666744.pdf
pdfs-128638789653,hkex/00002/2008/08/18/669545.pdf
pdfs-128638789653,hkex/00002/2008/08/28/673794.pdf
pdfs-128638789653,hkex/00002/2008/09/12/680741.pdf
pdfs-128638789653,hkex/00002/2008/10/06/691112.pdf
pdfs-128638789653,hkex/00002/2008/10/21/697326.pdf
pdfs-128638789653,hkex/00002/2008/10/21/697331.pdf
pdfs-128638789653,hkex/00002/2008/10/28/701424.pdf
pdfs-128638789653,hkex/00002/2008/10/29/702063.pdf
pdfs-128638789653,hkex/00002/2009/01/02/728207.pdf
pdfs-128638789653,hkex/00002/2009/01/20/734656.pdf
pdfs-128638789653,hkex/00002/2009/02/02/737748.pdf
pdfs-128638789653,hkex/00002/2009/02/12/743609.pdf
pdfs-128638789653,hkex/00002/2009/02/18/745653.pdf
pdfs-128638789653,hkex/00002/2009/02/26/747850.pdf
pdfs-128638789653,hkex/00002/2009/03/02/749632.pdf
pdfs-128638789653,hkex/00002/2009/03/16/757071.pdf
pdfs-128638789653,hkex/00002/2009/03/19/758782.pdf
pdfs-128638789653,hkex/00002/2009/03/19/758784.pdf
pdfs-128638789653,hkex/00002/2009/03/25/761529.pdf
pdfs-128638789653,hkex/00002/2009/03/25/761535.pdf
pdfs-128638789653,hkex/00002/2009/03/25/761538.pdf
pdfs-128638789653,hkex/00002/2009/03/25/761539.pdf
pdfs-128638789653,hkex/00002/2009/04/06/770598.pdf
pdfs-128638789653,hkex/00002/2009/04/06/770675.pdf
pdfs-128638789653,hkex/00002/2009/04/21/778139.pdf
pdfs-128638789653,hkex/00002/2009/04/28/783053.pdf
pdfs-128638789653,hkex/00002/2009/04/28/783419.pdf
pdfs-128638789653,hkex/00002/2009/05/04/787970.pdf
pdfs-128638789653,hkex/00002/2009/05/08/793004.pdf
pdfs-128638789653,hkex/00002/2009/05/12/794572.pdf
pdfs-128638789653,hkex/00002/2009/05/12/794575.pdf
pdfs-128638789653,hkex/00002/2009/06/01/803238.pdf
pdfs-128638789653,hkex/00002/2009/06/30/817911.pdf
pdfs-128638789653,hkex/00002/2009/07/02/819113.pdf
pdfs-128638789653,hkex/00002/2009/08/03/836990.pdf
pdfs-128638789653,hkex/00002/2009/08/05/839602.pdf
pdfs-128638789653,hkex/00002/2009/08/18/846232.pdf
pdfs-128638789653,hkex/00002/2009/08/24/848819.pdf
pdfs-128638789653,hkex/00002/2009/08/28/851296.pdf
pdfs-128638789653,hkex/00002/2009/09/01/853435.pdf
pdfs-128638789653,hkex/00002/2009/10/02/871570.pdf
pdfs-128638789653,hkex/00002/2009/10/06/873935.pdf
pdfs-128638789653,hkex/00002/2009/10/09/876015.pdf
pdfs-128638789653,hkex/00002/2009/10/19/879464.pdf
pdfs-128638789653,hkex/00002/2009/10/20/879997.pdf
pdfs-128638789653,hkex/00002/2009/10/20/880000.pdf
pdfs-128638789653,hkex/00002/2009/11/02/886063.pdf
pdfs-128638789653,hkex/00002/2009/12/01/902097.pdf
pdfs-128638789653,hkex/00002/2010/01/04/918869.pdf
pdfs-128638789653,hkex/00002/2010/02/01/934078.pdf
pdfs-128638789653,hkex/00002/2010/02/01/934265.pdf
pdfs-128638789653,hkex/00002/2010/02/09/940128.pdf
pdfs-128638789653,hkex/00002/2010/02/25/945143.pdf
pdfs-128638789653,hkex/00002/2010/03/01/946860.pdf
pdfs-128638789653,hkex/00002/2010/03/17/956116.pdf
pdfs-128638789653,hkex/00002/2010/03/19/957118.pdf
pdfs-128638789653,hkex/00002/2010/03/19/957126.pdf
pdfs-128638789653,hkex/00002/2010/03/23/958620.pdf
pdfs-128638789653,hkex/00002/2010/03/23/958628.pdf
pdfs-128638789653,hkex/00002/2010/03/23/958633.pdf
pdfs-128638789653,hkex/00002/2010/03/23/958643.pdf
pdfs-128638789653,hkex/00002/2010/03/23/958647.pdf
pdfs-128638789653,hkex/00002/2010/03/26/960658.pdf
pdfs-128638789653,hkex/00002/2010/04/01/965619.pdf
pdfs-128638789653,hkex/00002/2010/04/27/982335.pdf
pdfs-128638789653,hkex/00002/2010/04/27/982365.pdf
pdfs-128638789653,hkex/00002/2010/05/03/988201.pdf
pdfs-128638789653,hkex/00002/2010/05/10/993930.pdf
pdfs-128638789653,hkex/00002/2010/05/10/993934.pdf
pdfs-128638789653,hkex/00002/2010/06/01/1004540.pdf
pdfs-128638789653,hkex/00002/2010/06/25/1016792.pdf
pdfs-128638789653,hkex/00002/2010/06/30/1019325.pdf
pdfs-128638789653,hkex/00002/2010/07/02/1020356.pdf
pdfs-128638789653,hkex/00002/2010/08/02/1037098.pdf
pdfs-128638789653,hkex/00002/2010/08/03/1038137.pdf
pdfs-128638789653,hkex/00002/2010/08/16/1046687.pdf
pdfs-128638789653,hkex/00002/2010/08/20/1049670.pdf
pdfs-128638789653,hkex/00002/2010/08/20/1049697.pdf
pdfs-128638789653,hkex/00002/2010/08/30/1054941.pdf
pdfs-128638789653,hkex/00002/2010/08/30/1054957.pdf
pdfs-128638789653,hkex/00002/2010/08/31/1055918.pdf
pdfs-128638789653,hkex/00002/2010/09/01/1056787.pdf
pdfs-128638789653,hkex/00002/2010/10/04/1074520.pdf
pdfs-128638789653,hkex/00002/2010/10/04/1074558.pdf
pdfs-128638789653,hkex/00002/2010/10/19/1083830.pdf
pdfs-128638789653,hkex/00002/2010/10/19/1083832.pdf
pdfs-128638789653,hkex/00002/2010/10/20/1084753.pdf
pdfs-128638789653,hkex/00002/2010/11/01/1090727.pdf
pdfs-128638789653,hkex/00002/2010/12/01/1110165.pdf
pdfs-128638789653,hkex/00002/2010/12/14/1118294.pdf
pdfs-128638789653,hkex/00002/2010/12/14/1118687.pdf
pdfs-128638789653,hkex/00002/2010/12/15/1118860.pdf
pdfs-128638789653,hkex/00002/2011/01/03/1126761.pdf
pdfs-128638789653,hkex/00002/2011/01/06/1130877.pdf
pdfs-128638789653,hkex/00002/2011/01/06/1130885.pdf
pdfs-128638789653,hkex/00002/2011/01/07/1131612.pdf
pdfs-128638789653,hkex/00002/2011/02/01/1143038.pdf
pdfs-128638789653,hkex/00002/2011/02/11/1147660.pdf
pdfs-128638789653,hkex/00002/2011/02/23/1152128.pdf
pdfs-128638789653,hkex/00002/2011/02/24/1152411.pdf
pdfs-128638789653,hkex/00002/2011/03/01/1154954.pdf
pdfs-128638789653,hkex/00002/2011/03/11/1162411.pdf
pdfs-128638789653,hkex/00002/2011/03/25/1171193.pdf
pdfs-128638789653,hkex/00002/2011/03/25/1171195.pdf
pdfs-128638789653,hkex/00002/2011/03/25/1171199.pdf
pdfs-128638789653,hkex/00002/2011/03/25/1171203.pdf
pdfs-128638789653,hkex/00002/2011/03/25/1171209.pdf
pdfs-128638789653,hkex/00002/2011/03/29/1173696.pdf
pdfs-128638789653,hkex/00002/2011/03/29/1173735.pdf
pdfs-128638789653,hkex/00002/2011/03/31/1176690.pdf
pdfs-128638789653,hkex/00002/2011/04/01/1177942.pdf
pdfs-128638789653,hkex/00002/2011/05/03/1198868.pdf
pdfs-128638789653,hkex/00002/2011/05/03/1198872.pdf
pdfs-128638789653,hkex/00002/2011/05/12/1205559.pdf
pdfs-128638789653,hkex/00002/2011/05/17/1207432.pdf
pdfs-128638789653,hkex/00002/2011/05/31/1213968.pdf
pdfs-128638789653,hkex/00002/2011/06/01/1215099.pdf
pdfs-128638789653,hkex/00002/2011/07/04/1232383.pdf
pdfs-128638789653,hkex/00002/2011/07/08/1237076.pdf
pdfs-128638789653,hkex/00002/2011/08/01/1248304.pdf
pdfs-128638789653,hkex/00002/2011/08/03/1250733.pdf
pdfs-128638789653,hkex/00002/2011/08/16/1259740.pdf
pdfs-128638789653,hkex/00002/2011/08/16/1259962.pdf
pdfs-128638789653,hkex/00002/2011/08/26/1265814.pdf
pdfs-128638789653,hkex/00002/2011/08/26/1265822.pdf
pdfs-128638789653,hkex/00002/2011/08/30/1267647.pdf
pdfs-128638789653,hkex/00002/2011/08/30/1267653.pdf
pdfs-128638789653,hkex/00002/2011/09/01/1269633.pdf
pdfs-128638789653,hkex/00002/2011/10/03/1287193.pdf
pdfs-128638789653,hkex/00002/2011/10/03/1287199.pdf
pdfs-128638789653,hkex/00002/2011/10/11/1292901.pdf
pdfs-128638789653,hkex/00002/2011/10/17/1295207.pdf
pdfs-128638789653,hkex/00002/2011/11/01/1302168.pdf
pdfs-128638789653,hkex/00002/2011/11/08/1307263.pdf
pdfs-128638789653,hkex/00002/2011/12/01/1318715.pdf
pdfs-128638789653,hkex/00002/2011/12/13/1325856.pdf
pdfs-128638789653,hkex/00002/2012/01/03/1333775.pdf
pdfs-128638789653,hkex/00002/2012/01/19/1342374.pdf
pdfs-128638789653,hkex/00002/2012/02/01/1345932.pdf
pdfs-128638789653,hkex/00002/2012/02/06/1350432.pdf
pdfs-128638789653,hkex/00002/2012/02/13/1352664.pdf
pdfs-128638789653,hkex/00002/2012/02/24/1357636.pdf
pdfs-128638789653,hkex/00002/2012/02/27/1358081.pdf
pdfs-128638789653,hkex/00002/2012/03/01/1360280.pdf
pdfs-128638789653,hkex/00002/2012/03/05/1364279.pdf
pdfs-128638789653,hkex/00002/2012/03/05/1364281.pdf
pdfs-128638789653,hkex/00002/2012/03/05/1364286.pdf
pdfs-128638789653,hkex/00002/2012/03/05/1364291.pdf
pdfs-128638789653,hkex/00002/2012/03/05/1364295.pdf
pdfs-128638789653,hkex/00002/2012/03/05/1364303.pdf
pdfs-128638789653,hkex/00002/2012/03/09/1367411.pdf
pdfs-128638789653,hkex/00002/2012/03/15/1370979.pdf
pdfs-128638789653,hkex/00002/2012/03/20/1373820.pdf
pdfs-128638789653,hkex/00002/2012/03/26/1379158.pdf
pdfs-128638789653,hkex/00002/2012/03/27/1380382.pdf
pdfs-128638789653,hkex/00002/2012/03/27/1380394.pdf
pdfs-128638789653,hkex/00002/2012/03/27/1380400.pdf
pdfs-128638789653,hkex/00002/2012/03/27/1380440.pdf
pdfs-128638789653,hkex/00002/2012/03/27/1380472.pdf
pdfs-128638789653,hkex/00002/2012/03/30/1391035.pdf
pdfs-128638789653,hkex/00002/2012/04/02/1398598.pdf
pdfs-128638789653,hkex/00002/2012/04/02/1398600.pdf
pdfs-128638789653,hkex/00002/2012/04/02/1398604.pdf
pdfs-128638789653,hkex/00002/2012/04/02/1398608.pdf
pdfs-128638789653,hkex/00002/2012/04/20/1411917.pdf
pdfs-128638789653,hkex/00002/2012/04/20/1411955.pdf
pdfs-128638789653,hkex/00002/2012/04/20/1411957.pdf
pdfs-128638789653,hkex/00002/2012/04/20/1411959.pdf
pdfs-128638789653,hkex/00002/2012/05/02/1419803.pdf
pdfs-128638789653,hkex/00002/2012/05/02/1419817.pdf
pdfs-128638789653,hkex/00002/2012/05/08/1425449.pdf
pdfs-128638789653,hkex/00002/2012/05/09/1425701.pdf
pdfs-128638789653,hkex/00002/2012/05/15/1429029.pdf
pdfs-128638789653,hkex/00002/2012/05/16/1429888.pdf
pdfs-128638789653,hkex/00002/2012/05/16/1429890.pdf
pdfs-128638789653,hkex/00002/2012/05/16/1429894.pdf
pdfs-128638789653,hkex/00002/2012/05/24/1434195.pdf
pdfs-128638789653,hkex/00002/2012/05/24/1434242.pdf
pdfs-128638789653,hkex/00002/2012/05/31/1437721.pdf
pdfs-128638789653,hkex/00002/2012/06/01/1438806.pdf
pdfs-128638789653,hkex/00002/2012/07/03/1456229.pdf
pdfs-128638789653,hkex/00002/2012/07/09/1461444.pdf
pdfs-128638789653,hkex/00002/2012/07/31/1472639.pdf
pdfs-128638789653,hkex/00002/2012/08/01/1473337.pdf
pdfs-128638789653,hkex/00002/2012/08/01/1473351.pdf
pdfs-128638789653,hkex/00002/2012/08/01/1474063.pdf
pdfs-128638789653,hkex/00002/2012/08/01/1474075.pdf
pdfs-128638789653,hkex/00002/2012/08/01/1474093.pdf
pdfs-128638789653,hkex/00002/2012/08/14/1482214.pdf
pdfs-128638789653,hkex/00002/2012/08/20/1485594.pdf
pdfs-128638789653,hkex/00002/2012/08/29/1491516.pdf
pdfs-128638789653,hkex/00002/2012/08/29/1491524.pdf
pdfs-128638789653,hkex/00002/2012/09/03/1494519.pdf
pdfs-128638789653,hkex/00002/2012/09/28/1510660.pdf
pdfs-128638789653,hkex/00002/2012/10/03/1511971.pdf
pdfs-128638789653,hkex/00002/2012/10/08/1515872.pdf
pdfs-128638789653,hkex/00002/2012/10/15/1518821.pdf
pdfs-128638789653,hkex/00002/2012/10/15/1518932.pdf
pdfs-128638789653,hkex/00002/2012/10/15/1518937.pdf
pdfs-128638789653,hkex/00002/2012/10/15/1518945.pdf
pdfs-128638789653,hkex/00002/2012/10/26/1524128.pdf
pdfs-128638789653,hkex/00002/2012/10/26/1524134.pdf
pdfs-128638789653,hkex/00002/2012/11/01/1527772.pdf
pdfs-128638789653,hkex/00002/2012/12/03/1546087.pdf
pdfs-128638789653,hkex/00002/2012/12/11/1553135.pdf
pdfs-128638789653,hkex/00002/2012/12/13/1553981.pdf
pdfs-128638789653,hkex/00002/2012/12/20/1557513.pdf
pdfs-128638789653,hkex/00002/2012/12/20/1557565.pdf
pdfs-128638789653,hkex/00002/2013/01/02/1562607.pdf
pdfs-128638789653,hkex/00002/2013/02/01/1580300.pdf
pdfs-128638789653,hkex/00002/2013/02/06/1584815.pdf
pdfs-128638789653,hkex/00002/2013/02/25/1591098.pdf
pdfs-128638789653,hkex/00002/2013/03/01/1594399.pdf
pdfs-128638789653,hkex/00002/2013/03/08/1601312.pdf
pdfs-128638789653,hkex/00002/2013/03/15/1605726.pdf
pdfs-128638789653,hkex/00002/2013/03/18/1606733.pdf
pdfs-128638789653,hkex/00002/2013/03/25/1612007.pdf
pdfs-128638789653,hkex/00002/2013/03/25/1612014.pdf
pdfs-128638789653,hkex/00002/2013/03/25/1612020.pdf
pdfs-128638789653,hkex/00002/2013/03/25/1612022.pdf
pdfs-128638789653,hkex/00002/2013/03/25/1612028.pdf
pdfs-128638789653,hkex/00002/2013/04/02/1619741.pdf
pdfs-128638789653,hkex/00002/2013/04/03/1621619.pdf
pdfs-128638789653,hkex/00002/2013/04/30/1643331.pdf
pdfs-128638789653,hkex/00002/2013/05/02/1644127.pdf
pdfs-128638789653,hkex/00002/2013/05/02/1644129.pdf
pdfs-128638789653,hkex/00002/2013/05/02/1644133.pdf
pdfs-128638789653,hkex/00002/2013/05/20/1655887.pdf
pdfs-128638789653,hkex/00002/2013/05/20/1655892.pdf
pdfs-128638789653,hkex/00002/2013/05/20/1656069.pdf
pdfs-128638789653,hkex/00002/2013/05/20/1656073.pdf
pdfs-128638789653,hkex/00002/2013/05/20/1656077.pdf
pdfs-128638789653,hkex/00002/2013/05/29/1661516.pdf
pdfs-128638789653,hkex/00002/2013/05/31/1663184.pdf
pdfs-128638789653,hkex/00002/2013/05/31/1663200.pdf
pdfs-128638789653,hkex/00002/2013/06/03/1664201.pdf
pdfs-128638789653,hkex/00002/2013/06/03/1664213.pdf
pdfs-128638789653,hkex/00002/2013/06/03/1664229.pdf
pdfs-128638789653,hkex/00002/2013/06/03/1664245.pdf
pdfs-128638789653,hkex/00002/2013/07/02/1685546.pdf
pdfs-128638789653,hkex/00002/2013/07/25/1700540.pdf
pdfs-128638789653,hkex/00002/2013/07/29/1702214.pdf
pdfs-128638789653,hkex/00002/2013/08/01/1705011.pdf
pdfs-128638789653,hkex/00002/2013/08/12/1713215.pdf
pdfs-128638789653,hkex/00002/2013/08/12/1713462.pdf
pdfs-128638789653,hkex/00002/2013/08/12/1713464.pdf
pdfs-128638789653,hkex/00002/2013/08/12/1713468.pdf
pdfs-128638789653,hkex/00002/2013/08/13/1714203.pdf
pdfs-128638789653,hkex/00002/2013/08/13/1714417.pdf
pdfs-128638789653,hkex/00002/2013/08/16/1717483.pdf
pdfs-128638789653,hkex/00002/2013/08/27/1723833.pdf
pdfs-128638789653,hkex/00002/2013/08/27/1723837.pdf
pdfs-128638789653,hkex/00002/2013/09/02/1729076.pdf
pdfs-128638789653,hkex/00002/2013/09/03/1732104.pdf
pdfs-128638789653,hkex/00002/2013/09/27/1747006.pdf
pdfs-128638789653,hkex/00002/2013/09/30/1748133.pdf
pdfs-128638789653,hkex/00002/2013/09/30/1748137.pdf
pdfs-128638789653,hkex/00002/2013/10/02/1749260.pdf
pdfs-128638789653,hkex/00002/2013/10/03/1751034.pdf
pdfs-128638789653,hkex/00002/2013/10/11/1756606.pdf
pdfs-128638789653,hkex/00002/2013/10/28/1764308.pdf
pdfs-128638789653,hkex/00002/2013/11/01/1768176.pdf
pdfs-128638789653,hkex/00002/2013/11/05/1771976.pdf
pdfs-128638789653,hkex/00002/2013/11/15/1778535.pdf
pdfs-128638789653,hkex/00002/2013/11/19/1780461.pdf
pdfs-128638789653,hkex/00002/2013/12/02/1788352.pdf
pdfs-128638789653,hkex/00002/2013/12/10/1795809.pdf
pdfs-128638789653,hkex/00002/2013/12/10/1795811.pdf
pdfs-128638789653,hkex/00002/2013/12/10/1795813.pdf
pdfs-128638789653,hkex/00002/2013/12/10/1796057.pdf
pdfs-128638789653,hkex/00002/2014/01/02/1807957.pdf
pdfs-128638789653,hkex/00002/2014/01/13/1816465.pdf
pdfs-128638789653,hkex/00002/2014/01/22/1821730.pdf
pdfs-128638789653,hkex/00002/2014/02/04/1828440.pdf
pdfs-128638789653,hkex/00002/2014/02/06/1831836.pdf
pdfs-128638789653,hkex/00002/2014/02/10/1834562.pdf
pdfs-128638789653,hkex/00002/2014/02/10/1834573.pdf
pdfs-128638789653,hkex/00002/2014/02/18/1839434.pdf
pdfs-128638789653,hkex/00002/2014/02/27/1844132.pdf
pdfs-128638789653,hkex/00002/2014/02/27/1844358.pdf
pdfs-128638789653,hkex/00002/2014/03/03/1846524.pdf
pdfs-128638789653,hkex/00002/2014/03/14/1859209.pdf
pdfs-128638789653,hkex/00002/2014/03/27/1870900.pdf
pdfs-128638789653,hkex/00002/2014/03/27/1870918.pdf
pdfs-128638789653,hkex/00002/2014/03/27/1870928.pdf
pdfs-128638789653,hkex/00002/2014/03/27/1870968.pdf
pdfs-128638789653,hkex/00002/2014/03/27/1870982.pdf
pdfs-128638789653,hkex/00002/2014/03/28/1872885.pdf
pdfs-128638789653,hkex/00002/2014/04/01/1876982.pdf
pdfs-128638789653,hkex/00002/2014/04/01/1876984.pdf
pdfs-128638789653,hkex/00002/2014/04/01/1876986.pdf
pdfs-128638789653,hkex/00002/2014/04/01/1876990.pdf
pdfs-128638789653,hkex/00002/2014/04/01/1876996.pdf
pdfs-128638789653,hkex/00002/2014/04/02/1880217.pdf
pdfs-128638789653,hkex/00002/2014/04/25/1899377.pdf
pdfs-128638789653,hkex/00002/2014/04/30/1904395.pdf
pdfs-128638789653,hkex/00002/2014/05/02/1906035.pdf
pdfs-128638789653,hkex/00002/2014/05/07/1910636.pdf
pdfs-128638789653,hkex/00002/2014/05/08/1911956.pdf
pdfs-128638789653,hkex/00002/2014/05/08/1911964.pdf
pdfs-128638789653,hkex/00002/2014/05/09/1912817.pdf
pdfs-128638789653,hkex/00002/2014/05/09/1912819.pdf
pdfs-128638789653,hkex/00002/2014/05/09/1912823.pdf
pdfs-128638789653,hkex/00002/2014/05/09/1912825.pdf
pdfs-128638789653,hkex/00002/2014/05/12/1914471.pdf
pdfs-128638789653,hkex/00002/2014/05/12/1914475.pdf
pdfs-128638789653,hkex/00002/2014/05/19/1919303.pdf
pdfs-128638789653,hkex/00002/2014/06/03/1928073.pdf
pdfs-128638789653,hkex/00002/2014/06/13/1937557.pdf
pdfs-128638789653,hkex/00002/2014/07/02/1948775.pdf
pdfs-128638789653,hkex/00002/2014/07/02/1948779.pdf
pdfs-128638789653,hkex/00002/2014/07/31/1970622.pdf
pdfs-128638789653,hkex/00002/2014/08/01/1972134.pdf
pdfs-128638789653,hkex/00002/2014/08/14/1983720.pdf
pdfs-128638789653,hkex/00002/2014/08/20/1988447.pdf
pdfs-128638789653,hkex/00002/2014/08/28/1994499.pdf
pdfs-128638789653,hkex/00002/2014/08/28/1994513.pdf
pdfs-128638789653,hkex/00002/2014/09/01/1997698.pdf
pdfs-128638789653,hkex/00002/2014/10/03/2021721.pdf
pdfs-128638789653,hkex/00002/2014/10/07/2025146.pdf
pdfs-128638789653,hkex/00002/2014/10/20/2033185.pdf
pdfs-128638789653,hkex/00002/2014/11/03/2042166.pdf
pdfs-128638789653,hkex/00002/2014/12/01/2063879.pdf
pdfs-128638789653,hkex/00002/2014/12/16/2077744.pdf
pdfs-128638789653,hkex/00002/2015/01/02/2087358.pdf
pdfs-128638789653,hkex/00002/2015/01/02/2087360.pdf
pdfs-128638789653,hkex/00002/2015/01/02/2087740.pdf
pdfs-128638789653,hkex/00002/2015/02/02/2110053.pdf
pdfs-128638789653,hkex/00002/2015/02/05/2115149.pdf
pdfs-128638789653,hkex/00002/2015/02/26/2125178.pdf
pdfs-128638789653,hkex/00002/2015/02/26/2125538.pdf
pdfs-128638789653,hkex/00002/2015/03/02/2127408.pdf
pdfs-128638789653,hkex/00002/2015/03/13/2138982.pdf
pdfs-128638789653,hkex/00002/2015/03/26/2150129.pdf
pdfs-128638789653,hkex/00002/2015/03/26/2150135.pdf
pdfs-128638789653,hkex/00002/2015/03/26/2150137.pdf
pdfs-128638789653,hkex/00002/2015/03/26/2150153.pdf
pdfs-128638789653,hkex/00002/2015/03/26/2150161.pdf
pdfs-128638789653,hkex/00002/2015/04/01/2157841.pdf
pdfs-128638789653,hkex/00002/2015/04/02/2160977.pdf
pdfs-128638789653,hkex/00002/2015/04/24/2182147.pdf
pdfs-128638789653,hkex/00002/2015/05/04/2192151.pdf
pdfs-128638789653,hkex/00002/2015/05/06/2197432.pdf
pdfs-128638789653,hkex/00002/2015/05/07/2198893.pdf
pdfs-128638789653,hkex/00002/2015/05/07/2198978.pdf
pdfs-128638789653,hkex/00002/2015/05/08/2199488.pdf
pdfs-128638789653,hkex/00002/2015/05/08/2199695.pdf
pdfs-128638789653,hkex/00002/2015/05/08/2199703.pdf
pdfs-128638789653,hkex/00002/2015/06/01/2217397.pdf
pdfs-128638789653,hkex/00002/2015/06/05/2225042.pdf
pdfs-128638789653,hkex/00002/2015/07/02/2245591.pdf
pdfs-128638789653,hkex/00002/2015/07/02/2245603.pdf
pdfs-128638789653,hkex/00002/2015/07/02/2245617.pdf
pdfs-128638789653,hkex/00002/2015/07/29/2271098.pdf
pdfs-128638789653,hkex/00002/2015/08/03/2274783.pdf
pdfs-128638789653,hkex/00002/2015/08/13/2285694.pdf
pdfs-128638789653,hkex/00002/2015/08/13/2286078.pdf
pdfs-128638789653,hkex/00002/2015/08/13/2286086.pdf
pdfs-128638789653,hkex/00002/2015/08/19/2291012.pdf
pdfs-128638789653,hkex/00002/2015/08/27/2299705.pdf
pdfs-128638789653,hkex/00002/2015/08/27/2299713.pdf
pdfs-128638789653,hkex/00002/2015/09/01/2305033.pdf
pdfs-128638789653,hkex/00002/2015/10/02/2329722.pdf
pdfs-128638789653,hkex/00002/2015/10/05/2332669.pdf
pdfs-128638789653,hkex/00002/2015/10/08/2335728.pdf
pdfs-128638789653,hkex/00002/2015/10/19/2342441.pdf
pdfs-128638789653,hkex/00002/2015/10/19/2342629.pdf
pdfs-128638789653,hkex/00002/2015/11/02/2351433.pdf
pdfs-128638789653,hkex/00002/2015/12/01/2375028.pdf
pdfs-128638789653,hkex/00002/2015/12/15/2387912.pdf
pdfs-128638789653,hkex/00002/2015/12/30/2397036.pdf
pdfs-128638789653,hkex/00002/2016/01/04/2399522.pdf
pdfs-128638789653,hkex/00002/2016/01/04/2400063.pdf
pdfs-128638789653,hkex/00002/2016/01/04/2400065.pdf
pdfs-128638789653,hkex/00002/2016/01/04/2400085.pdf
pdfs-128638789653,hkex/00002/2016/01/04/2400095.pdf
pdfs-128638789653,hkex/00002/2016/02/01/2423012.pdf
pdfs-128638789653,hkex/00002/2016/02/05/2429790.pdf
pdfs-128638789653,hkex/00002/2016/02/29/2439765.pdf
pdfs-128638789653,hkex/00002/2016/03/01/2441203.pdf
pdfs-128638789653,hkex/00002/2016/03/14/2453385.pdf
pdfs-128638789653,hkex/00002/2016/03/29/2464817.pdf
pdfs-128638789653,hkex/00002/2016/03/29/2464823.pdf
pdfs-128638789653,hkex/00002/2016/03/29/2464825.pdf
pdfs-128638789653,hkex/00002/2016/03/29/2464901.pdf
pdfs-128638789653,hkex/00002/2016/03/29/2464907.pdf
pdfs-128638789653,hkex/00002/2016/04/01/2471375.pdf
pdfs-128638789653,hkex/00002/2016/04/01/2471973.pdf
pdfs-128638789653,hkex/00002/2016/04/25/2493491.pdf
pdfs-128638789653,hkex/00002/2016/04/29/2502521.pdf
pdfs-128638789653,hkex/00002/2016/05/03/2503456.pdf
pdfs-128638789653,hkex/00002/2016/05/05/2508518.pdf
pdfs-128638789653,hkex/00002/2016/05/09/2510576.pdf
pdfs-128638789653,hkex/00002/2016/06/01/2527430.pdf
pdfs-128638789653,hkex/00002/2016/07/04/2552635.pdf
pdfs-128638789653,hkex/00002/2016/07/18/2565430.pdf
pdfs-128638789653,hkex/00002/2016/08/01/2575563.pdf
pdfs-128638789653,hkex/00002/2016/08/01/2576228.pdf
pdfs-128638789653,hkex/00002/2016/08/05/2582307.pdf
pdfs-128638789653,hkex/00002/2016/08/15/2589177.pdf
pdfs-128638789653,hkex/00002/2016/08/15/2589199.pdf
pdfs-128638789653,hkex/00002/2016/08/15/2589211.pdf
pdfs-128638789653,hkex/00002/2016/09/01/2604954.pdf
pdfs-128638789653,hkex/00002/2016/09/30/2628551.pdf
pdfs-128638789653,hkex/00002/2016/10/03/2630055.pdf
pdfs-128638789653,hkex/00002/2016/10/03/2630085.pdf
pdfs-128638789653,hkex/00002/2016/10/05/2633795.pdf
pdfs-128638789653,hkex/00002/2016/10/20/2642997.pdf
pdfs-128638789653,hkex/00002/2016/10/31/2649634.pdf
pdfs-128638789653,hkex/00002/2016/11/01/2650833.pdf
pdfs-128638789653,hkex/00002/2016/11/30/2673146.pdf
pdfs-128638789653,hkex/00002/2016/12/01/2674383.pdf
pdfs-128638789653,hkex/00002/2016/12/13/2684928.pdf
pdfs-128638789653,hkex/00002/2017/01/03/2696428.pdf
pdfs-128638789653,hkex/00002/2017/01/03/2696971.pdf
pdfs-128638789653,hkex/00002/2017/02/01/2715327.pdf
pdfs-128638789653,hkex/00002/2017/02/06/2719629.pdf
pdfs-128638789653,hkex/00002/2017/02/27/2732105.pdf
pdfs-128638789653,hkex/00002/2017/03/01/2734348.pdf
pdfs-128638789653,hkex/00002/2017/03/13/2746114.pdf
pdfs-128638789653,hkex/00002/2017/03/27/2757848.pdf
pdfs-128638789653,hkex/00002/2017/03/27/2757856.pdf
pdfs-128638789653,hkex/00002/2017/03/27/2757862.pdf
pdfs-128638789653,hkex/00002/2017/03/27/2757888.pdf
pdfs-128638789653,hkex/00002/2017/03/27/2757902.pdf
pdfs-128638789653,hkex/00002/2017/03/27/2757918.pdf
pdfs-128638789653,hkex/00002/2017/03/31/2765082.pdf
pdfs-128638789653,hkex/00002/2017/04/03/2767242.pdf
pdfs-128638789653,hkex/00002/2017/04/24/2787539.pdf
pdfs-128638789653,hkex/00002/2017/04/25/2789856.pdf
pdfs-128638789653,hkex/00002/2017/05/02/2798902.pdf
pdfs-128638789653,hkex/00002/2017/05/05/2804799.pdf
pdfs-128638789653,hkex/00002/2017/05/11/2809238.pdf
pdfs-128638789653,hkex/00002/2017/05/19/2815599.pdf
pdfs-128638789653,hkex/00002/2017/06/01/2824491.pdf
pdfs-128638789653,hkex/00002/2017/06/07/2832533.pdf
pdfs-128638789653,hkex/00002/2017/07/03/2851473.pdf
pdfs-128638789653,hkex/00002/2017/07/24/2869937.pdf
pdfs-128638789653,hkex/00002/2017/07/25/2870941.pdf
pdfs-128638789653,hkex/00002/2017/08/01/2877374.pdf
pdfs-128638789653,hkex/00002/2017/08/07/2884679.pdf
pdfs-128638789653,hkex/00002/2017/08/11/2889406.pdf
pdfs-128638789653,hkex/00002/2017/08/21/2897130.pdf
pdfs-128638789653,hkex/00002/2017/08/21/2897144.pdf
pdfs-128638789653,hkex/00002/2017/08/21/2897162.pdf
pdfs-128638789653,hkex/00002/2017/09/01/2908652.pdf
pdfs-128638789653,hkex/00002/2017/09/28/2931696.pdf
pdfs-128638789653,hkex/00002/2017/10/03/2935042.pdf
pdfs-128638789653,hkex/00002/2017/10/16/2945903.pdf
pdfs-128638789653,hkex/00002/2017/11/01/2958934.pdf
pdfs-128638789653,hkex/00002/2017/11/24/2981535.pdf
pdfs-128638789653,hkex/00002/2017/12/01/2986734.pdf
pdfs-128638789653,hkex/00002/2017/12/12/2997953.pdf
pdfs-128638789653,hkex/00002/2017/12/12/2998066.pdf
pdfs-128638789653,hkex/00002/2018/01/02/3010597.pdf
pdfs-128638789653,hkex/00002/2018/01/02/3011261.pdf
pdfs-128638789653,hkex/00002/2018/01/12/3022299.pdf
pdfs-128638789653,hkex/00002/2018/01/12/3022320.pdf
pdfs-128638789653,hkex/00002/2018/01/12/3022332.pdf
pdfs-128638789653,hkex/00002/2018/02/01/3036848.pdf
pdfs-128638789653,hkex/00002/2018/02/05/3041625.pdf
pdfs-128638789653,hkex/00002/2018/02/26/3057025.pdf
pdfs-128638789653,hkex/00002/2018/02/27/3057676.pdf
pdfs-128638789653,hkex/00002/2018/03/01/3060697.pdf
pdfs-128638789653,hkex/00002/2018/03/12/3071809.pdf
pdfs-128638789653,hkex/00002/2018/03/27/3087871.pdf
pdfs-128638789653,hkex/00002/2018/03/27/3087879.pdf
pdfs-128638789653,hkex/00002/2018/03/27/3087891.pdf
pdfs-128638789653,hkex/00002/2018/03/27/3087919.pdf
pdfs-128638789653,hkex/00002/2018/03/27/3087929.pdf
pdfs-128638789653,hkex/00002/2018/03/27/3087936.pdf
pdfs-128638789653,hkex/00002/2018/03/29/3093203.pdf
pdfs-128638789653,hkex/00002/2018/04/03/3096395.pdf
pdfs-128638789653,hkex/00002/2018/04/30/3129840.pdf
pdfs-128638789653,hkex/00002/2018/05/02/3131690.pdf
pdfs-128638789653,hkex/00002/2018/05/04/3137385.pdf
pdfs-128638789653,hkex/00002/2018/05/04/3137393.pdf
pdfs-128638789653,hkex/00002/2018/05/04/3137403.pdf
pdfs-128638789653,hkex/00002/2018/05/04/3137417.pdf
pdfs-128638789653,hkex/00002/2018/05/04/3137710.pdf
pdfs-128638789653,hkex/00002/2018/05/14/3145645.pdf
pdfs-128638789653,hkex/00002/2018/06/01/3159643.pdf
pdfs-128638789653,hkex/00002/2018/06/01/3159661.pdf
pdfs-128638789653,hkex/00002/2018/06/01/3159689.pdf
pdfs-128638789653,hkex/00002/2018/06/21/3178073.pdf
pdfs-128638789653,hkex/00002/2018/07/03/3189293.pdf
pdfs-128638789653,hkex/00002/2018/07/03/3190316.pdf
pdfs-128638789653,hkex/00002/2018/07/23/3208304.pdf
pdfs-128638789653,hkex/00002/2018/08/01/3217679.pdf
pdfs-128638789653,hkex/00002/2018/08/06/3224792.pdf
pdfs-128638789653,hkex/00002/2018/08/06/3225334.pdf
pdfs-128638789653,hkex/00002/2018/08/06/3225342.pdf
pdfs-128638789653,hkex/00002/2018/08/06/3225358.pdf
pdfs-128638789653,hkex/00002/2018/08/06/3225366.pdf
pdfs-128638789653,hkex/00002/2018/08/06/3225372.pdf
pdfs-128638789653,hkex/00002/2018/08/10/3230042.pdf
pdfs-128638789653,hkex/00002/2018/08/20/3239100.pdf
pdfs-128638789653,hkex/00002/2018/08/20/3239118.pdf
pdfs-128638789653,hkex/00002/2018/08/20/3239128.pdf
pdfs-128638789653,hkex/00002/2018/09/03/3253080.pdf
pdfs-128638789653,hkex/00002/2018/09/13/3267469.pdf
pdfs-128638789653,hkex/00002/2018/09/28/3278332.pdf
pdfs-128638789653,hkex/00002/2018/10/02/3280483.pdf
pdfs-128638789653,hkex/00002/2018/10/15/3294286.pdf
pdfs-128638789653,hkex/00002/2018/11/01/3309679.pdf
pdfs-128638789653,hkex/00002/2018/12/03/3337436.pdf
pdfs-128638789653,hkex/00002/2019/01/02/3364476.pdf
pdfs-128638789653,hkex/00002/2019/01/10/3375321.pdf
pdfs-128638789653,hkex/00002/2019/01/31/3389949.pdf
pdfs-128638789653,hkex/00002/2019/02/01/3390857.pdf
pdfs-128638789653,hkex/00002/2019/02/04/3394835.pdf
pdfs-128638789653,hkex/00002/2019/02/25/3405868.pdf
pdfs-128638789653,hkex/00002/2019/02/26/3406889.pdf
pdfs-128638789653,hkex/00002/2019/03/01/3410509.pdf
pdfs-128638789653,hkex/00002/2019/03/08/3420532.pdf
pdfs-128638789653,hkex/00002/2019/03/11/3421545.pdf
pdfs-128638789653,hkex/00002/2019/03/21/3432115.pdf
pdfs-128638789653,hkex/00002/2019/03/26/3437014.pdf
pdfs-128638789653,hkex/00002/2019/03/26/3437020.pdf
pdfs-128638789653,hkex/00002/2019/03/26/3437030.pdf
pdfs-128638789653,hkex/00002/2019/03/26/3437044.pdf
pdfs-128638789653,hkex/00002/2019/03/26/3437064.pdf
pdfs-128638789653,hkex/00002/2019/03/26/3437067.pdf
pdfs-128638789653,hkex/00002/2019/03/29/3443865.pdf
pdfs-128638789653,hkex/00002/2019/04/01/3447415.pdf
pdfs-128638789653,hkex/00002/2019/04/23/3469674.pdf
pdfs-128638789653,hkex/00002/2019/05/02/3485511.pdf
pdfs-128638789653,hkex/00002/2019/05/06/3491330.pdf
pdfs-128638789653,hkex/00002/2019/05/06/3491787.pdf
pdfs-128638789653,hkex/00002/2019/05/07/3492570.pdf
pdfs-128638789653,hkex/00002/2019/06/03/3516135.pdf
pdfs-128638789653,hkex/00002/2019/06/17/3531271.pdf
pdfs-128638789653,hkex/00002/2019/06/20/3534357.pdf
pdfs-128638789653,hkex/00002/2019/07/02/3546333.pdf
pdfs-128638789653,hkex/00002/2019/07/23/3565454.pdf
pdfs-128638789653,hkex/00002/2019/08/01/3572891.pdf
pdfs-128638789653,hkex/00002/2019/08/06/3579354.pdf
pdfs-128638789653,hkex/00002/2019/08/12/3583797.pdf
pdfs-128638789653,hkex/00002/2019/08/20/3590200.pdf
pdfs-128638789653,hkex/00002/2019/08/20/3590216.pdf
pdfs-128638789653,hkex/00002/2019/08/20/3590224.pdf
pdfs-128638789653,hkex/00002/2019/09/02/3599234.pdf
pdfs-128638789653,hkex/00002/2019/10/02/9031394.pdf
pdfs-128638789653,hkex/00002/2019/10/04/9034303.pdf
pdfs-128638789653,hkex/00002/2019/10/08/9034911.pdf
pdfs-128638789653,hkex/00002/2019/10/21/9043387.pdf
pdfs-128638789653,hkex/00002/2019/11/04/9055519.pdf
pdfs-128638789653,hkex/00002/2019/11/06/9058961.pdf
pdfs-128638789653,hkex/00002/2019/11/08/9062017.pdf
pdfs-128638789653,hkex/00002/2019/12/02/9083130.pdf
pdfs-128638789653,hkex/00002/2019/12/10/9094495.pdf
pdfs-128638789653,hkex/00002/2019/12/31/9111856.pdf
pdfs-128638789653,hkex/00002/2019/12/31/9111868.pdf
pdfs-128638789653,hkex/00002/2019/12/31/9111876.pdf
pdfs-128638789653,hkex/00002/2019/12/31/9111878.pdf
pdfs-128638789653,hkex/00002/2020/01/02/9113175.pdf
pdfs-128638789653,hkex/00002/2020/01/02/9114366.pdf
pdfs-128638789653,hkex/00002/2020/02/03/9142860.pdf
pdfs-128638789653,hkex/00002/2020/02/07/9151943.pdf
pdfs-128638789653,hkex/00002/2020/02/24/9163922.pdf
pdfs-128638789653,hkex/00002/2020/02/25/9164697.pdf
pdfs-128638789653,hkex/00002/2020/03/02/9170340.pdf
pdfs-128638789653,hkex/00002/2020/03/06/9179250.pdf
pdfs-128638789653,hkex/00002/2020/03/17/9190492.pdf
pdfs-128638789653,hkex/00002/2020/03/24/9200496.pdf
pdfs-128638789653,hkex/00002/2020/03/24/9200504.pdf
pdfs-128638789653,hkex/00002/2020/03/24/9200506.pdf
pdfs-128638789653,hkex/00002/2020/03/24/9200514.pdf
pdfs-128638789653,hkex/00002/2020/03/24/9200518.pdf
pdfs-128638789653,hkex/00002/2020/03/24/9200520.pdf
pdfs-128638789653,hkex/00002/2020/03/27/9206178.pdf
pdfs-128638789653,hkex/00002/2020/04/01/9217907.pdf
pdfs-128638789653,hkex/00002/2020/04/19/9240600.pdf
pdfs-128638789653,hkex/00002/2020/04/23/9246472.pdf
pdfs-128638789653,hkex/00002/2020/04/28/9255444.pdf
pdfs-128638789653,hkex/00002/2020/05/04/9262594.pdf
pdfs-128638789653,hkex/00002/2020/05/08/9273280.pdf
pdfs-128638789653,hkex/00002/2020/05/08/9273292.pdf
pdfs-128638789653,hkex/00002/2020/05/08/9273302.pdf
pdfs-128638789653,hkex/00002/2020/05/08/9273306.pdf
pdfs-128638789653,hkex/00002/2020/05/08/9273318.pdf
pdfs-128638789653,hkex/00002/2020/05/08/9273608.pdf
pdfs-128638789653,hkex/00002/2020/05/11/9274888.pdf
pdfs-128638789653,hkex/00002/2020/06/01/9299704.pdf
pdfs-128638789653,hkex/00002/2020/06/12/9317546.pdf
pdfs-128638789653,hkex/00002/2020/06/22/9326585.pdf
pdfs-128638789653,hkex/00002/2020/06/30/9335611.pdf
pdfs-128638789653,hkex/00002/2020/07/02/9339074.pdf
pdfs-128638789653,hkex/00002/2020/07/20/9362267.pdf
pdfs-128638789653,hkex/00002/2020/08/03/9379942.pdf
pdfs-128638789653,hkex/00002/2020/08/03/9380014.pdf
pdfs-128638789653,hkex/00002/2020/08/07/9390439.pdf
pdfs-128638789653,hkex/00002/2020/08/17/9401762.pdf
pdfs-128638789653,hkex/00002/2020/08/17/9401780.pdf
pdfs-128638789653,hkex/00002/2020/08/17/9401790.pdf
pdfs-128638789653,hkex/00002/2020/08/28/9416065.pdf
pdfs-128638789653,hkex/00002/2020/09/01/9422631.pdf
pdfs-128638789653,hkex/00002/2020/10/05/9461636.pdf
pdfs-128638789653,hkex/00002/2020/10/05/9461640.pdf
pdfs-128638789653,hkex/00002/2020/10/19/9477388.pdf
pdfs-128638789653,hkex/00002/2020/10/19/9477392.pdf
pdfs-128638789653,hkex/00002/2020/10/19/9477400.pdf
pdfs-128638789653,hkex/00002/2020/10/19/9477406.pdf
pdfs-128638789653,hkex/00002/2020/10/19/9477410.pdf
pdfs-128638789653,hkex/00002/2020/10/19/9477416.pdf
pdfs-128638789653,hkex/00002/2020/11/02/9493267.pdf
pdfs-128638789653,hkex/00002/2020/11/10/9507355.pdf
pdfs-128638789653,hkex/00002/2020/12/01/9530029.pdf
pdfs-128638789653,hkex/00002/2021/01/04/9566007.pdf
pdfs-128638789653,hkex/00002/2021/01/04/9566896.pdf
pdfs-128638789653,hkex/00002/2021/02/01/9605701.pdf
pdfs-128638789653,hkex/00002/2021/02/05/9616444.pdf
pdfs-128638789653,hkex/00002/2021/02/22/9628068.pdf
pdfs-128638789653,hkex/00002/2021/03/01/9636557.pdf
pdfs-128638789653,hkex/00002/2021/03/03/9643723.pdf
pdfs-128638789653,hkex/00002/2021/03/04/9644234.pdf
pdfs-128638789653,hkex/00002/2021/03/05/9646591.pdf
pdfs-128638789653,hkex/00002/2021/03/10/9651449.pdf
pdfs-128638789653,hkex/00002/2021/03/10/9651594.pdf
pdfs-128638789653,hkex/00002/2021/03/12/9654301.pdf
pdfs-128638789653,hkex/00002/2021/03/23/9668131.pdf
pdfs-128638789653,hkex/00002/2021/03/23/9668133.pdf
pdfs-128638789653,hkex/00002/2021/03/23/9668135.pdf
pdfs-128638789653,hkex/00002/2021/03/23/9668179.pdf
pdfs-128638789653,hkex/00002/2021/03/23/9668185.pdf
pdfs-128638789653,hkex/00002/2021/03/23/9668191.pdf
pdfs-128638789653,hkex/00002/2021/03/26/9674602.pdf
pdfs-128638789653,hkex/00002/2021/03/29/9677405.pdf
pdfs-128638789653,hkex/00002/2021/04/01/9701999.pdf
pdfs-128638789653,hkex/00002/2021/04/01/9702009.pdf
pdfs-128638789653,hkex/00002/2021/04/01/9702023.pdf
pdfs-128638789653,hkex/00002/2021/04/30/9745633.pdf
pdfs-128638789653,hkex/00002/2021/05/03/9748852.pdf
pdfs-128638789653,hkex/00002/2021/05/14/9766780.pdf
pdfs-128638789653,hkex/00002/2021/05/14/9766835.pdf
pdfs-128638789653,hkex/00002/2021/05/17/9768370.pdf
pdfs-128638789653,hkex/00002/2021/05/25/9775881.pdf
pdfs-128638789653,hkex/00002/2021/05/26/9777247.pdf
pdfs-128638789653,hkex/00002/2021/06/01/9785457.pdf
pdfs-128638789653,hkex/00002/2021/06/11/9801523.pdf
pdfs-128638789653,hkex/00002/2021/06/15/9803177.pdf
pdfs-128638789653,hkex/00002/2021/07/02/9833906.pdf
pdfs-128638789653,hkex/00002/2021/07/19/9854760.pdf
pdfs-128638789653,hkex/00002/2021/07/21/9858399.pdf
pdfs-128638789653,hkex/00002/2021/07/22/9859881.pdf
pdfs-128638789653,hkex/00002/2021/07/30/9870549.pdf
pdfs-128638789653,hkex/00002/2021/07/30/9870887.pdf
pdfs-128638789653,hkex/00002/2021/07/30/9870905.pdf
pdfs-128638789653,hkex/00002/2021/08/02/9874147.pdf
pdfs-128638789653,hkex/00002/2021/08/02/9874161.pdf
pdfs-128638789653,hkex/00002/2021/08/02/9874219.pdf
pdfs-128638789653,hkex/00002/2021/08/06/9885186.pdf
pdfs-128638789653,hkex/00002/2021/08/16/9895275.pdf
pdfs-128638789653,hkex/00002/2021/08/16/9895299.pdf
pdfs-128638789653,hkex/00002/2021/08/16/9895319.pdf
pdfs-128638789653,hkex/00002/2021/09/01/9918960.pdf
pdfs-128638789653,hkex/00002/2021/10/04/9960860.pdf
pdfs-128638789653,hkex/00002/2021/10/04/9960866.pdf
pdfs-128638789653,hkex/00002/2021/10/18/9977045.pdf
pdfs-128638789653,hkex/00002/2021/10/18/9977049.pdf
pdfs-128638789653,hkex/00002/2021/11/01/9992886.pdf
pdfs-128638789653,hkex/00002/2021/11/09/10005959.pdf
pdfs-128638789653,hkex/00002/2021/12/01/10032418.pdf
pdfs-128638789653,hkex/00002/2022/01/03/10071978.pdf
pdfs-128638789653,hkex/00002/2022/01/03/10073290.pdf
pdfs-128638789653,hkex/00002/2022/02/04/10108918.pdf
pdfs-128638789653,hkex/00002/2022/02/11/10119143.pdf
pdfs-128638789653,hkex/00002/2022/02/28/10132050.pdf
pdfs-128638789653,hkex/00002/2022/02/28/10132060.pdf
pdfs-128638789653,hkex/00002/2022/03/01/10134193.pdf
pdfs-128638789653,hkex/00002/2022/03/11/10150655.pdf
pdfs-128638789653,hkex/00002/2022/03/25/10172985.pdf
pdfs-128638789653,hkex/00002/2022/03/28/10175530.pdf
pdfs-128638789653,hkex/00002/2022/03/29/10178239.pdf
pdfs-128638789653,hkex/00002/2022/03/29/10178263.pdf
pdfs-128638789653,hkex/00002/2022/03/29/10178273.pdf
pdfs-128638789653,hkex/00002/2022/03/29/10178545.pdf
pdfs-128638789653,hkex/00002/2022/03/29/10178553.pdf
pdfs-128638789653,hkex/00002/2022/03/29/10178555.pdf
pdfs-128638789653,hkex/00002/2022/04/01/10196057.pdf
pdfs-128638789653,hkex/00002/2022/04/29/10238506.pdf
pdfs-128638789653,hkex/00002/2022/05/03/10243272.pdf
pdfs-128638789653,hkex/00002/2022/05/06/10251725.pdf
pdfs-128638789653,hkex/00002/2022/05/16/10261797.pdf
pdfs-128638789653,hkex/00002/2022/05/16/10261805.pdf
pdfs-128638789653,hkex/00002/2022/06/01/10284191.pdf
pdfs-128638789653,hkex/00002/2022/06/10/10299125.pdf
pdfs-128638789653,hkex/00002/2022/06/13/10300516.pdf
pdfs-128638789653,hkex/00002/2022/06/20/10308664.pdf
pdfs-128638789653,hkex/00002/2022/07/04/10327586.pdf
pdfs-128638789653,hkex/00002/2022/07/12/10340545.pdf
pdfs-128638789653,hkex/00002/2022/07/22/10352037.pdf
pdfs-128638789653,hkex/00002/2022/08/01/10362987.pdf
pdfs-128638789653,hkex/00002/2022/08/08/10375350.pdf
pdfs-128638789653,hkex/00002/2022/08/08/10375360.pdf
pdfs-128638789653,hkex/00002/2022/08/12/10382085.pdf
pdfs-128638789653,hkex/00002/2022/08/22/10394776.pdf
pdfs-128638789653,hkex/00002/2022/08/22/10394802.pdf
pdfs-128638789653,hkex/00002/2022/08/22/10394812.pdf
pdfs-128638789653,hkex/00002/2022/09/01/10413050.pdf
pdfs-128638789653,hkex/00002/2022/09/30/10449584.pdf
pdfs-128638789653,hkex/00002/2022/10/03/10455014.pdf
pdfs-128638789653,hkex/00002/2022/10/17/10470831.pdf
pdfs-128638789653,hkex/00002/2022/10/17/10470845.pdf
pdfs-128638789653,hkex/00002/2022/10/17/10470961.pdf
pdfs-128638789653,hkex/00002/2022/10/17/10470969.pdf
pdfs-128638789653,hkex/00002/2022/10/17/10470979.pdf
pdfs-128638789653,hkex/00002/2022/10/31/10484853.pdf
pdfs-128638789653,hkex/00002/2022/11/01/10487533.pdf
pdfs-128638789653,hkex/00002/2022/11/22/10514403.pdf
pdfs-128638789653,hkex/00002/2022/12/01/10525443.pdf
pdfs-128638789653,hkex/00002/2022/12/12/10539321.pdf
pdfs-128638789653,hkex/00002/2022/12/30/10557448.pdf
pdfs-128638789653,hkex/00002/2022/12/30/10557484.pdf
pdfs-128638789653,hkex/00002/2022/12/30/10557498.pdf
pdfs-128638789653,hkex/00002/2022/12/30/10557520.pdf
pdfs-128638789653,hkex/00002/2022/12/30/10557532.pdf
pdfs-128638789653,hkex/00002/2022/12/30/10557555.pdf
pdfs-128638789653,hkex/00002/2023/01/03/10560179.pdf
pdfs-128638789653,hkex/00002/2023/01/03/10561363.pdf
pdfs-128638789653,hkex/00002/2023/02/01/10587621.pdf
pdfs-128638789653,hkex/00002/2023/02/10/10599240.pdf
pdfs-128638789653,hkex/00002/2023/02/27/10611250.pdf
pdfs-128638789653,hkex/00002/2023/02/27/10611266.pdf
pdfs-128638789653,hkex/00002/2023/02/28/10612174.pdf
pdfs-128638789653,hkex/00002/2023/02/28/10612180.pdf
pdfs-128638789653,hkex/00002/2023/02/28/10612186.pdf
pdfs-128638789653,hkex/00002/2023/02/28/10612196.pdf
pdfs-128638789653,hkex/00002/2023/03/01/10615147.pdf
pdfs-128638789653,hkex/00002/2023/03/10/10627625.pdf
pdfs-128638789653,hkex/00002/2023/03/24/10644263.pdf
pdfs-128638789653,hkex/00002/2023/03/27/10646243.pdf
pdfs-128638789653,hkex/00002/2023/03/28/10648674.pdf
pdfs-128638789653,hkex/00002/2023/03/28/10648678.pdf
pdfs-128638789653,hkex/00002/2023/03/28/10648692.pdf
pdfs-128638789653,hkex/00002/2023/03/28/10648704.pdf
pdfs-128638789653,hkex/00002/2023/03/28/10648710.pdf
pdfs-128638789653,hkex/00002/2023/03/28/10648726.pdf
pdfs-128638789653,hkex/00002/2023/03/31/10660301.pdf
pdfs-128638789653,hkex/00002/2023/04/03/10674169.pdf
pdfs-128638789653,hkex/00002/2023/04/28/10714972.pdf
pdfs-128638789653,hkex/00002/2023/05/02/10720422.pdf
pdfs-128638789653,hkex/00002/2023/05/05/10728666.pdf
pdfs-128638789653,hkex/00002/2023/05/05/10728686.pdf
pdfs-128638789653,hkex/00002/2023/05/05/10728690.pdf
pdfs-128638789653,hkex/00002/2023/05/05/10728700.pdf
pdfs-128638789653,hkex/00002/2023/05/05/10728710.pdf
pdfs-128638789653,hkex/00002/2023/05/15/10736338.pdf
pdfs-128638789653,hkex/00002/2023/05/15/10736340.pdf
pdfs-128638789653,hkex/00002/2023/05/15/10736746.pdf
pdfs-128638789653,hkex/00002/2023/05/15/10736756.pdf
pdfs-128638789653,hkex/00002/2023/05/15/10736760.pdf
pdfs-128638789653,hkex/00002/2023/05/15/10736762.pdf
pdfs-128638789653,hkex/00002/2023/06/01/10756021.pdf
pdfs-128638789653,hkex/00002/2023/06/09/10769623.pdf
pdfs-128638789653,hkex/00002/2023/06/12/10770707.pdf
pdfs-128638789653,hkex/00002/2023/06/20/10780771.pdf
pdfs-128638789653,hkex/00002/2023/06/26/10784427.pdf
pdfs-128638789653,hkex/00002/2023/07/03/10800681.pdf
pdfs-128638789653,hkex/00002/2023/07/21/10821023.pdf
pdfs-128638789653,hkex/00002/2023/08/01/10832785.pdf
pdfs-128638789653,hkex/00002/2023/08/07/10843128.pdf
pdfs-128638789653,hkex/00002/2023/08/07/10843134.pdf
pdfs-128638789653,hkex/00002/2023/08/11/10848545.pdf
pdfs-128638789653,hkex/00002/2023/08/21/10858913.pdf
pdfs-128638789653,hkex/00002/2023/08/21/10858935.pdf
pdfs-128638789653,hkex/00002/2023/08/21/10858951.pdf
pdfs-128638789653,hkex/00002/2023/09/01/10877685.pdf
pdfs-128638789653,hkex/00002/2023/09/29/10916284.pdf
pdfs-128638789653,hkex/00002/2023/09/29/10916766.pdf
pdfs-128638789653,hkex/00002/2023/09/29/10916852.pdf
pdfs-128638789653,hkex/00002/2023/09/29/10916878.pdf
pdfs-128638789653,hkex/00002/2023/09/29/10916936.pdf
pdfs-128638789653,hkex/00002/2023/09/29/10916974.pdf
pdfs-128638789653,hkex/00002/2023/10/03/10919747.pdf
pdfs-128638789653,hkex/00002/2023/10/16/10933895.pdf
pdfs-128638789653,hkex/00002/2023/10/16/10933901.pdf
pdfs-128638789653,hkex/00002/2023/11/01/10950235.pdf
pdfs-128638789653,hkex/00002/2023/11/28/10982055.pdf
pdfs-128638789653,hkex/00002/2023/12/01/10987558.pdf
pdfs-128638789653,hkex/00002/2023/12/29/11019391_List of Directors and their Roles and Functions.pdf
pdfs-128638789653,hkex/00002/2023/12/29/11019413_Terms of Reference of Sustainability Committee.pdf
pdfs-128638789653,hkex/00002/2024/01/02/11021315.pdf
pdfs-128638789653,hkex/00002/2024/01/02/11022390.pdf
pdfs-128638789653,hkex/00002/2024/01/30/11053010.pdf
pdfs-128638789653,hkex/00002/2024/01/30/11053021.pdf
pdfs-128638789653,hkex/00002/2024/02/01/11056016.pdf
pdfs-128638789653,hkex/00002/2024/02/07/11065610.pdf
pdfs-128638789653,hkex/00002/2024/02/26/11075890.pdf
pdfs-128638789653,hkex/00002/2024/02/26/11075896.pdf
pdfs-128638789653,hkex/00002/2024/02/27/11076674.pdf
pdfs-128638789653,hkex/00002/2024/02/27/11076676.pdf
pdfs-128638789653,hkex/00002/2024/02/27/11076678.pdf
pdfs-128638789653,hkex/00002/2024/03/01/11081325.pdf
pdfs-128638789653,hkex/00002/2024/03/08/11092475.pdf
pdfs-128638789653,hkex/00002/2024/03/22/11110218.pdf
pdfs-128638789653,hkex/00002/2024/03/25/11111972.pdf
pdfs-128638789653,hkex/00002/2024/03/26/11114367.pdf
pdfs-128638789653,hkex/00002/2024/03/26/11114381.pdf
pdfs-128638789653,hkex/00002/2024/03/26/11114395.pdf
pdfs-128638789653,hkex/00002/2024/03/26/11114401.pdf
pdfs-128638789653,hkex/00002/2024/03/26/11114407.pdf
pdfs-128638789653,hkex/00002/2024/03/26/11114417.pdf
pdfs-128638789653,hkex/00002/2024/03/28/11121788.pdf
pdfs-128638789653,hkex/00002/2024/03/28/11121800.pdf
pdfs-128638789653,hkex/00002/2024/04/02/11140916.pdf
pdfs-128638789653,hkex/00002/2024/04/26/11180389.pdf
pdfs-128638789653,hkex/00002/2024/05/02/11195571.pdf
pdfs-128638789653,hkex/00002/2024/05/03/11199662.pdf
pdfs-128638789653,hkex/00002/2024/05/03/11199670.pdf
pdfs-128638789653,hkex/00002/2024/05/03/11199677.pdf
pdfs-128638789653,hkex/00002/2024/05/03/11199692.pdf
pdfs-128638789653,hkex/00002/2024/05/13/11208431.pdf
pdfs-128638789653,hkex/00002/2024/05/13/11208435.pdf
pdfs-128638789653,hkex/00002/2024/06/03/11231375.pdf
pdfs-128638789653,hkex/00002/2024/06/07/11243374.pdf
pdfs-128638789653,hkex/00002/2024/06/11/11244818.pdf
pdfs-128638789653,hkex/00002/2024/07/02/11269614.pdf
pdfs-128638789653,hkex/00002/2024/07/19/11291023.pdf
pdfs-128638789653,hkex/00002/2024/08/01/11305380.pdf
pdfs-128638789653,hkex/00002/2024/08/05/11311016.pdf
pdfs-128638789653,hkex/00002/2024/08/05/11311028.pdf
pdfs-128638789653,hkex/00002/2024/08/09/11317547.pdf
pdfs-128638789653,hkex/00002/2024/08/19/11328420.pdf
pdfs-128638789653,hkex/00002/2024/08/19/11328431.pdf
pdfs-128638789653,hkex/00002/2024/08/19/11328436.pdf
pdfs-128638789653,hkex/00002/2024/09/02/11349107.pdf
pdfs-128638789653,hkex/00002/2024/10/02/11389732.pdf
pdfs-128638789653,hkex/00002/2024/10/04/11395163.pdf
pdfs-128638789653,hkex/00002/2024/10/21/11410274.pdf
pdfs-128638789653,hkex/00002/2024/10/21/11410276.pdf
pdfs-128638789653,hkex/00002/2024/10/21/11410282.pdf
pdfs-128638789653,hkex/00002/2024/10/21/11410288.pdf
pdfs-128638789653,hkex/00002/2024/10/21/11410302.pdf
pdfs-128638789653,hkex/00002/2024/10/21/11410312.pdf
pdfs-128638789653,hkex/00002/2024/11/01/11423372.pdf
pdfs-128638789653,hkex/00002/2024/11/19/11444908.pdf
pdfs-128638789653,hkex/00002/2024/12/02/11458568.pdf
pdfs-128638789653,hkex/00002/2024/12/02/11458590.pdf
pdfs-128638789653,hkex/00002/2024/12/23/11486073.pdf
pdfs-128638789653,hkex/00002/2024/12/31/11492636.pdf
pdfs-128638789653,hkex/00002/2024/12/31/11492642.pdf
pdfs-128638789653,hkex/00002/2024/12/31/11492648.pdf
pdfs-128638789653,hkex/00002/2025/01/02/11494277.pdf
pdfs-128638789653,hkex/00002/2025/01/02/11494983.pdf
pdfs-128638789653,hkex/00002/2025/01/27/11521732.pdf
pdfs-128638789653,hkex/00002/2025/02/03/11524581.pdf
pdfs-128638789653,hkex/00002/2025/02/07/11532945.pdf
pdfs-128638789653,hkex/00002/2025/02/24/11545061.pdf
pdfs-128638789653,hkex/00002/2025/02/24/11545063.pdf
pdfs-128638789653,hkex/00002/2025/02/24/11545069.pdf
pdfs-128638789653,hkex/00002/2025/02/25/11546098.pdf
pdfs-128638789653,hkex/00002/2025/03/03/11552062.pdf
pdfs-128638789653,hkex/00002/2025/03/07/11561740.pdf
pdfs-128638789653,hkex/00002/2025/03/21/11580008.pdf
pdfs-128638789653,hkex/00002/2025/03/24/11581573.pdf
pdfs-128638789653,hkex/00002/2025/03/25/11583406.pdf
pdfs-128638789653,hkex/00002/2025/03/25/11583412.pdf
pdfs-128638789653,hkex/00002/2025/03/25/11583428.pdf
pdfs-128638789653,hkex/00002/2025/03/25/11583454.pdf
pdfs-128638789653,hkex/00002/2025/03/25/11583462.pdf
pdfs-128638789653,hkex/00002/2025/03/25/11583468.pdf
pdfs-128638789653,hkex/00002/2025/04/01/11606714.pdf
pdfs-128638789653,hkex/00002/2025/05/02/11659499.pdf
pdfs-128638789653,hkex/00002/2025/05/02/11659519.pdf
pdfs-128638789653,hkex/00002/2025/05/09/11670633.pdf
pdfs-128638789653,hkex/00002/2025/05/09/11670639.pdf
pdfs-128638789653,hkex/00002/2025/05/09/11670641.pdf
pdfs-128638789653,hkex/00002/2025/05/09/11670645.pdf
pdfs-128638789653,hkex/00002/2025/05/19/11677967.pdf
pdfs-128638789653,hkex/00002/2025/05/19/11677973.pdf
pdfs-128638789653,hkex/00002/2025/05/29/11690897.pdf
pdfs-128638789653,hkex/00002/2025/05/30/11692073.pdf
pdfs-128638789653,hkex/00002/2025/06/02/11694902.pdf
pdfs-128638789653,hkex/00002/2025/07/02/11740201.pdf
pdfs-128638789653,hkex/00002/2025/07/18/11760548.pdf
pdfs-128638789653,hkex/00002/2025/08/01/11776929.pdf
pdfs-128638789653,hkex/00002/2025/08/04/11780480.pdf
pdfs-128638789653,hkex/00002/2025/08/04/11780494.pdf
pdfs-128638789653,hkex/00002/2025/08/08/11788543.pdf
pdfs-128638789653,hkex/00002/2025/08/18/11799098.pdf
pdfs-128638789653,hkex/00002/2025/08/18/11799102.pdf
pdfs-128638789653,hkex/00002/2025/08/18/11799114.pdf
pdfs-128638789653,hkex/00002/2025/09/01/11822032.pdf
pdfs-128638789653,hkex/00002/2025/10/02/11865475.pdf
pdfs-128638789653,hkex/00002/2025/10/03/11868685.pdf
pdfs-128638789653,hkex/00002/2025/10/20/11883808.pdf
pdfs-128638789653,hkex/00002/2025/10/20/11883814.pdf
pdfs-128638789653,hkex/00002/2025/10/30/11895128.pdf
pdfs-128638789653,hkex/00002/2025/10/30/11895138.pdf
pdfs-128638789653,hkex/00002/2025/11/03/11899185.pdf
pdfs-128638789653,hkex/00002/2025/12/01/11934916.pdf
